-- --------------------------------------------------------
-- Host:                         localhost
-- Versi칩n del servidor:         8.0.13 - MySQL Community Server - GPL
-- SO del servidor:              Win64
-- HeidiSQL Versi칩n:             11.3.0.6295
-- --------------------------------------------------------

/*!40101 SET @OLD_CHARACTER_SET_CLIENT=@@CHARACTER_SET_CLIENT */;
/*!40101 SET NAMES utf8 */;
/*!50503 SET NAMES utf8mb4 */;
/*!40014 SET @OLD_FOREIGN_KEY_CHECKS=@@FOREIGN_KEY_CHECKS, FOREIGN_KEY_CHECKS=0 */;
/*!40101 SET @OLD_SQL_MODE=@@SQL_MODE, SQL_MODE='NO_AUTO_VALUE_ON_ZERO' */;
/*!40111 SET @OLD_SQL_NOTES=@@SQL_NOTES, SQL_NOTES=0 */;

-- Volcando estructura para tabla pelishub.authtoken_token
CREATE TABLE IF NOT EXISTS `authtoken_token` (
  `key` varchar(40) NOT NULL,
  `created` datetime(6) NOT NULL,
  `user_id` int(11) NOT NULL,
  PRIMARY KEY (`key`),
  UNIQUE KEY `user_id` (`user_id`),
  CONSTRAINT `authtoken_token_user_id_35299eff_fk_auth_user_id` FOREIGN KEY (`user_id`) REFERENCES `auth_user` (`id`)
) ENGINE=InnoDB DEFAULT CHARSET=utf8mb4 COLLATE=utf8mb4_0900_ai_ci;

-- Volcando datos para la tabla pelishub.authtoken_token: ~0 rows (aproximadamente)
/*!40000 ALTER TABLE `authtoken_token` DISABLE KEYS */;
/*!40000 ALTER TABLE `authtoken_token` ENABLE KEYS */;

-- Volcando estructura para tabla pelishub.auth_group
CREATE TABLE IF NOT EXISTS `auth_group` (
  `id` int(11) NOT NULL AUTO_INCREMENT,
  `name` varchar(150) NOT NULL,
  PRIMARY KEY (`id`),
  UNIQUE KEY `name` (`name`)
) ENGINE=InnoDB DEFAULT CHARSET=utf8mb4 COLLATE=utf8mb4_0900_ai_ci;

-- Volcando datos para la tabla pelishub.auth_group: ~0 rows (aproximadamente)
/*!40000 ALTER TABLE `auth_group` DISABLE KEYS */;
/*!40000 ALTER TABLE `auth_group` ENABLE KEYS */;

-- Volcando estructura para tabla pelishub.auth_group_permissions
CREATE TABLE IF NOT EXISTS `auth_group_permissions` (
  `id` bigint(20) NOT NULL AUTO_INCREMENT,
  `group_id` int(11) NOT NULL,
  `permission_id` int(11) NOT NULL,
  PRIMARY KEY (`id`),
  UNIQUE KEY `auth_group_permissions_group_id_permission_id_0cd325b0_uniq` (`group_id`,`permission_id`),
  KEY `auth_group_permissio_permission_id_84c5c92e_fk_auth_perm` (`permission_id`),
  CONSTRAINT `auth_group_permissio_permission_id_84c5c92e_fk_auth_perm` FOREIGN KEY (`permission_id`) REFERENCES `auth_permission` (`id`),
  CONSTRAINT `auth_group_permissions_group_id_b120cbf9_fk_auth_group_id` FOREIGN KEY (`group_id`) REFERENCES `auth_group` (`id`)
) ENGINE=InnoDB DEFAULT CHARSET=utf8mb4 COLLATE=utf8mb4_0900_ai_ci;

-- Volcando datos para la tabla pelishub.auth_group_permissions: ~0 rows (aproximadamente)
/*!40000 ALTER TABLE `auth_group_permissions` DISABLE KEYS */;
/*!40000 ALTER TABLE `auth_group_permissions` ENABLE KEYS */;

-- Volcando estructura para tabla pelishub.auth_permission
CREATE TABLE IF NOT EXISTS `auth_permission` (
  `id` int(11) NOT NULL AUTO_INCREMENT,
  `name` varchar(255) NOT NULL,
  `content_type_id` int(11) NOT NULL,
  `codename` varchar(100) NOT NULL,
  PRIMARY KEY (`id`),
  UNIQUE KEY `auth_permission_content_type_id_codename_01ab375a_uniq` (`content_type_id`,`codename`),
  CONSTRAINT `auth_permission_content_type_id_2f476e4b_fk_django_co` FOREIGN KEY (`content_type_id`) REFERENCES `django_content_type` (`id`)
) ENGINE=InnoDB AUTO_INCREMENT=33 DEFAULT CHARSET=utf8mb4 COLLATE=utf8mb4_0900_ai_ci;

-- Volcando datos para la tabla pelishub.auth_permission: ~32 rows (aproximadamente)
/*!40000 ALTER TABLE `auth_permission` DISABLE KEYS */;
INSERT INTO `auth_permission` (`id`, `name`, `content_type_id`, `codename`) VALUES
	(1, 'Can add log entry', 1, 'add_logentry'),
	(2, 'Can change log entry', 1, 'change_logentry'),
	(3, 'Can delete log entry', 1, 'delete_logentry'),
	(4, 'Can view log entry', 1, 'view_logentry'),
	(5, 'Can add permission', 2, 'add_permission'),
	(6, 'Can change permission', 2, 'change_permission'),
	(7, 'Can delete permission', 2, 'delete_permission'),
	(8, 'Can view permission', 2, 'view_permission'),
	(9, 'Can add group', 3, 'add_group'),
	(10, 'Can change group', 3, 'change_group'),
	(11, 'Can delete group', 3, 'delete_group'),
	(12, 'Can view group', 3, 'view_group'),
	(13, 'Can add user', 4, 'add_user'),
	(14, 'Can change user', 4, 'change_user'),
	(15, 'Can delete user', 4, 'delete_user'),
	(16, 'Can view user', 4, 'view_user'),
	(17, 'Can add content type', 5, 'add_contenttype'),
	(18, 'Can change content type', 5, 'change_contenttype'),
	(19, 'Can delete content type', 5, 'delete_contenttype'),
	(20, 'Can view content type', 5, 'view_contenttype'),
	(21, 'Can add session', 6, 'add_session'),
	(22, 'Can change session', 6, 'change_session'),
	(23, 'Can delete session', 6, 'delete_session'),
	(24, 'Can view session', 6, 'view_session'),
	(25, 'Can add Token', 7, 'add_token'),
	(26, 'Can change Token', 7, 'change_token'),
	(27, 'Can delete Token', 7, 'delete_token'),
	(28, 'Can view Token', 7, 'view_token'),
	(29, 'Can add usuario', 8, 'add_usuario'),
	(30, 'Can change usuario', 8, 'change_usuario'),
	(31, 'Can delete usuario', 8, 'delete_usuario'),
	(32, 'Can view usuario', 8, 'view_usuario');
/*!40000 ALTER TABLE `auth_permission` ENABLE KEYS */;

-- Volcando estructura para tabla pelishub.auth_user
CREATE TABLE IF NOT EXISTS `auth_user` (
  `id` int(11) NOT NULL AUTO_INCREMENT,
  `password` varchar(128) NOT NULL,
  `last_login` datetime(6) DEFAULT NULL,
  `is_superuser` tinyint(1) NOT NULL,
  `username` varchar(150) NOT NULL,
  `first_name` varchar(150) NOT NULL,
  `last_name` varchar(150) NOT NULL,
  `email` varchar(254) NOT NULL,
  `is_staff` tinyint(1) NOT NULL,
  `is_active` tinyint(1) NOT NULL,
  `date_joined` datetime(6) NOT NULL,
  PRIMARY KEY (`id`),
  UNIQUE KEY `username` (`username`)
) ENGINE=InnoDB AUTO_INCREMENT=2 DEFAULT CHARSET=utf8mb4 COLLATE=utf8mb4_0900_ai_ci;

-- Volcando datos para la tabla pelishub.auth_user: ~1 rows (aproximadamente)
/*!40000 ALTER TABLE `auth_user` DISABLE KEYS */;
INSERT INTO `auth_user` (`id`, `password`, `last_login`, `is_superuser`, `username`, `first_name`, `last_name`, `email`, `is_staff`, `is_active`, `date_joined`) VALUES
	(1, 'pbkdf2_sha256$260000$7IRrOWxZgoNil8tEG0ZkD8$OHM3dlbZvdFJlxgFKWj6f3rQs2cu4HBOK0ON8Lkwyzk=', '2021-09-03 23:38:17.432242', 1, 'Dogmatica', '', '', 'dogmatica@gmail.com', 1, 1, '2021-09-03 23:37:48.038666');
/*!40000 ALTER TABLE `auth_user` ENABLE KEYS */;

-- Volcando estructura para tabla pelishub.auth_user_groups
CREATE TABLE IF NOT EXISTS `auth_user_groups` (
  `id` bigint(20) NOT NULL AUTO_INCREMENT,
  `user_id` int(11) NOT NULL,
  `group_id` int(11) NOT NULL,
  PRIMARY KEY (`id`),
  UNIQUE KEY `auth_user_groups_user_id_group_id_94350c0c_uniq` (`user_id`,`group_id`),
  KEY `auth_user_groups_group_id_97559544_fk_auth_group_id` (`group_id`),
  CONSTRAINT `auth_user_groups_group_id_97559544_fk_auth_group_id` FOREIGN KEY (`group_id`) REFERENCES `auth_group` (`id`),
  CONSTRAINT `auth_user_groups_user_id_6a12ed8b_fk_auth_user_id` FOREIGN KEY (`user_id`) REFERENCES `auth_user` (`id`)
) ENGINE=InnoDB DEFAULT CHARSET=utf8mb4 COLLATE=utf8mb4_0900_ai_ci;

-- Volcando datos para la tabla pelishub.auth_user_groups: ~0 rows (aproximadamente)
/*!40000 ALTER TABLE `auth_user_groups` DISABLE KEYS */;
/*!40000 ALTER TABLE `auth_user_groups` ENABLE KEYS */;

-- Volcando estructura para tabla pelishub.auth_user_user_permissions
CREATE TABLE IF NOT EXISTS `auth_user_user_permissions` (
  `id` bigint(20) NOT NULL AUTO_INCREMENT,
  `user_id` int(11) NOT NULL,
  `permission_id` int(11) NOT NULL,
  PRIMARY KEY (`id`),
  UNIQUE KEY `auth_user_user_permissions_user_id_permission_id_14a6b632_uniq` (`user_id`,`permission_id`),
  KEY `auth_user_user_permi_permission_id_1fbb5f2c_fk_auth_perm` (`permission_id`),
  CONSTRAINT `auth_user_user_permi_permission_id_1fbb5f2c_fk_auth_perm` FOREIGN KEY (`permission_id`) REFERENCES `auth_permission` (`id`),
  CONSTRAINT `auth_user_user_permissions_user_id_a95ead1b_fk_auth_user_id` FOREIGN KEY (`user_id`) REFERENCES `auth_user` (`id`)
) ENGINE=InnoDB DEFAULT CHARSET=utf8mb4 COLLATE=utf8mb4_0900_ai_ci;

-- Volcando datos para la tabla pelishub.auth_user_user_permissions: ~0 rows (aproximadamente)
/*!40000 ALTER TABLE `auth_user_user_permissions` DISABLE KEYS */;
/*!40000 ALTER TABLE `auth_user_user_permissions` ENABLE KEYS */;

-- Volcando estructura para tabla pelishub.django_admin_log
CREATE TABLE IF NOT EXISTS `django_admin_log` (
  `id` int(11) NOT NULL AUTO_INCREMENT,
  `action_time` datetime(6) NOT NULL,
  `object_id` longtext,
  `object_repr` varchar(200) NOT NULL,
  `action_flag` smallint(5) unsigned NOT NULL,
  `change_message` longtext NOT NULL,
  `content_type_id` int(11) DEFAULT NULL,
  `user_id` int(11) NOT NULL,
  PRIMARY KEY (`id`),
  KEY `django_admin_log_content_type_id_c4bce8eb_fk_django_co` (`content_type_id`),
  KEY `django_admin_log_user_id_c564eba6_fk_auth_user_id` (`user_id`),
  CONSTRAINT `django_admin_log_content_type_id_c4bce8eb_fk_django_co` FOREIGN KEY (`content_type_id`) REFERENCES `django_content_type` (`id`),
  CONSTRAINT `django_admin_log_user_id_c564eba6_fk_auth_user_id` FOREIGN KEY (`user_id`) REFERENCES `auth_user` (`id`)
) ENGINE=InnoDB DEFAULT CHARSET=utf8mb4 COLLATE=utf8mb4_0900_ai_ci;

-- Volcando datos para la tabla pelishub.django_admin_log: ~0 rows (aproximadamente)
/*!40000 ALTER TABLE `django_admin_log` DISABLE KEYS */;
/*!40000 ALTER TABLE `django_admin_log` ENABLE KEYS */;

-- Volcando estructura para tabla pelishub.django_content_type
CREATE TABLE IF NOT EXISTS `django_content_type` (
  `id` int(11) NOT NULL AUTO_INCREMENT,
  `app_label` varchar(100) NOT NULL,
  `model` varchar(100) NOT NULL,
  PRIMARY KEY (`id`),
  UNIQUE KEY `django_content_type_app_label_model_76bd3d3b_uniq` (`app_label`,`model`)
) ENGINE=InnoDB AUTO_INCREMENT=9 DEFAULT CHARSET=utf8mb4 COLLATE=utf8mb4_0900_ai_ci;

-- Volcando datos para la tabla pelishub.django_content_type: ~8 rows (aproximadamente)
/*!40000 ALTER TABLE `django_content_type` DISABLE KEYS */;
INSERT INTO `django_content_type` (`id`, `app_label`, `model`) VALUES
	(1, 'admin', 'logentry'),
	(3, 'auth', 'group'),
	(2, 'auth', 'permission'),
	(4, 'auth', 'user'),
	(7, 'authtoken', 'token'),
	(5, 'contenttypes', 'contenttype'),
	(8, 'movies_api', 'usuario'),
	(6, 'sessions', 'session');
/*!40000 ALTER TABLE `django_content_type` ENABLE KEYS */;

-- Volcando estructura para tabla pelishub.django_migrations
CREATE TABLE IF NOT EXISTS `django_migrations` (
  `id` bigint(20) NOT NULL AUTO_INCREMENT,
  `app` varchar(255) NOT NULL,
  `name` varchar(255) NOT NULL,
  `applied` datetime(6) NOT NULL,
  PRIMARY KEY (`id`)
) ENGINE=InnoDB AUTO_INCREMENT=22 DEFAULT CHARSET=utf8mb4 COLLATE=utf8mb4_0900_ai_ci;

-- Volcando datos para la tabla pelishub.django_migrations: ~21 rows (aproximadamente)
/*!40000 ALTER TABLE `django_migrations` DISABLE KEYS */;
INSERT INTO `django_migrations` (`id`, `app`, `name`, `applied`) VALUES
	(1, 'contenttypes', '0001_initial', '2021-09-03 22:09:22.343419'),
	(2, 'auth', '0001_initial', '2021-09-03 22:09:41.422168'),
	(3, 'admin', '0001_initial', '2021-09-03 22:09:50.060438'),
	(4, 'admin', '0002_logentry_remove_auto_add', '2021-09-03 22:09:50.272176'),
	(5, 'admin', '0003_logentry_add_action_flag_choices', '2021-09-03 22:09:50.381308'),
	(6, 'contenttypes', '0002_remove_content_type_name', '2021-09-03 22:09:53.195758'),
	(7, 'auth', '0002_alter_permission_name_max_length', '2021-09-03 22:09:54.951643'),
	(8, 'auth', '0003_alter_user_email_max_length', '2021-09-03 22:09:55.284674'),
	(9, 'auth', '0004_alter_user_username_opts', '2021-09-03 22:09:55.512759'),
	(10, 'auth', '0005_alter_user_last_login_null', '2021-09-03 22:09:57.018380'),
	(11, 'auth', '0006_require_contenttypes_0002', '2021-09-03 22:09:57.110478'),
	(12, 'auth', '0007_alter_validators_add_error_messages', '2021-09-03 22:09:57.320736'),
	(13, 'auth', '0008_alter_user_username_max_length', '2021-09-03 22:09:59.517121'),
	(14, 'auth', '0009_alter_user_last_name_max_length', '2021-09-03 22:10:01.773456'),
	(15, 'auth', '0010_alter_group_name_max_length', '2021-09-03 22:10:02.055521'),
	(16, 'auth', '0011_update_proxy_permissions', '2021-09-03 22:10:02.131984'),
	(17, 'auth', '0012_alter_user_first_name_max_length', '2021-09-03 22:10:05.992815'),
	(18, 'authtoken', '0001_initial', '2021-09-03 22:10:09.815850'),
	(19, 'authtoken', '0002_auto_20160226_1747', '2021-09-03 22:10:09.968210'),
	(20, 'movies_api', '0001_initial', '2021-09-03 22:10:10.920818'),
	(21, 'sessions', '0001_initial', '2021-09-03 22:10:12.073906');
/*!40000 ALTER TABLE `django_migrations` ENABLE KEYS */;

-- Volcando estructura para tabla pelishub.django_session
CREATE TABLE IF NOT EXISTS `django_session` (
  `session_key` varchar(40) NOT NULL,
  `session_data` longtext NOT NULL,
  `expire_date` datetime(6) NOT NULL,
  PRIMARY KEY (`session_key`),
  KEY `django_session_expire_date_a5c62663` (`expire_date`)
) ENGINE=InnoDB DEFAULT CHARSET=utf8mb4 COLLATE=utf8mb4_0900_ai_ci;

-- Volcando datos para la tabla pelishub.django_session: ~1 rows (aproximadamente)
/*!40000 ALTER TABLE `django_session` DISABLE KEYS */;
INSERT INTO `django_session` (`session_key`, `session_data`, `expire_date`) VALUES
	('y70hnmbshhdr1q04qc4johujmuvwo0iy', '.eJxVjEEOwiAQRe_C2pBMsQO4dO8ZyMwAUjWQlHZlvLtt0oVu33v_v1WgdSlh7WkOU1QXBer0y5jkmeou4oPqvWlpdZkn1nuiD9v1rcX0uh7t30GhXra1cWATohCRRxEr7jyyBYcCxmYvkDYUI3PMhInEjATeIA0DY7YG1OcL-xQ4lw:1mMIlF:GBY-0qMrEpuztAqZ7VxSeRR440LOq2AGA_18RNHkKAk', '2021-09-17 23:38:17.655610');
/*!40000 ALTER TABLE `django_session` ENABLE KEYS */;

-- Volcando estructura para tabla pelishub.movies_api_usuario
CREATE TABLE IF NOT EXISTS `movies_api_usuario` (
  `id` bigint(20) NOT NULL AUTO_INCREMENT,
  `nombre_usuario` varchar(200) NOT NULL,
  `correo` varchar(200) NOT NULL,
  `telefono` varchar(200) NOT NULL,
  `contrase침a` varchar(200) NOT NULL,
  `imagen` varchar(200) NOT NULL,
  PRIMARY KEY (`id`)
) ENGINE=InnoDB AUTO_INCREMENT=8 DEFAULT CHARSET=utf8mb4 COLLATE=utf8mb4_0900_ai_ci;

-- Volcando datos para la tabla pelishub.movies_api_usuario: ~4 rows (aproximadamente)
/*!40000 ALTER TABLE `movies_api_usuario` DISABLE KEYS */;
INSERT INTO `movies_api_usuario` (`id`, `nombre_usuario`, `correo`, `telefono`, `contrase침a`, `imagen`) VALUES
	(1, 'Blackmage', 'blackmage@gmail.com', '123', '1234', 'dsdsadsa'),
	(2, 'Hiadica', 'hiadica@gmail.com', '1234', '123', 'dsadsadsa'),
	(5, 'NestorSuat', 'suat@gmail.com', '777', '111', 'cxzcxzcxz'),
	(6, 'UsuarioExtra', 'otrousuario@gmail.com', '3213213213', '4434343', 'cxzcxzcxz');
/*!40000 ALTER TABLE `movies_api_usuario` ENABLE KEYS */;

-- Volcando estructura para tabla pelishub.usuarios
CREATE TABLE IF NOT EXISTS `usuarios` (
  `id` int(11) NOT NULL,
  `username` varchar(45) DEFAULT NULL,
  `email` varchar(45) DEFAULT NULL,
  `password` varchar(45) DEFAULT NULL,
  `imagen` varchar(255) DEFAULT NULL,
  PRIMARY KEY (`id`)
) ENGINE=InnoDB DEFAULT CHARSET=utf8mb4 COLLATE=utf8mb4_0900_ai_ci;

-- Volcando datos para la tabla pelishub.usuarios: ~0 rows (aproximadamente)
/*!40000 ALTER TABLE `usuarios` DISABLE KEYS */;
/*!40000 ALTER TABLE `usuarios` ENABLE KEYS */;

/*!40101 SET SQL_MODE=IFNULL(@OLD_SQL_MODE, '') */;
/*!40014 SET FOREIGN_KEY_CHECKS=IFNULL(@OLD_FOREIGN_KEY_CHECKS, 1) */;
/*!40101 SET CHARACTER_SET_CLIENT=@OLD_CHARACTER_SET_CLIENT */;
/*!40111 SET SQL_NOTES=IFNULL(@OLD_SQL_NOTES, 1) */;
